{
  "lang":"en",
  "name":"pipeline",
  "version":"0.0.0",
  "spacy_version":">=3.4.2,<3.5.0",
  "description":"",
  "author":"",
  "email":"",
  "url":"",
  "license":"",
  "spacy_git_version":"Unknown",
  "vectors":{
    "width":0,
    "vectors":0,
    "keys":0,
    "name":null,
    "mode":"default"
  },
  "labels":{
    "tok2vec":[

    ],
    "tagger":[
      "-"
    ]
  },
  "pipeline":[
    "tok2vec",
    "tagger"
  ],
  "components":[
    "tok2vec",
    "tagger"
  ],
  "disabled":[

  ],
  "performance":{
    "tag_acc":1.0,
    "tok2vec_loss":0.0,
    "tagger_loss":0.0
  }
}